{
  "metadata": {
    "instance_type": "differentiated",
    "n_instances": 5,
    "timestamp": "2025-02-05T11:23:44.845120",
    "parameters": {
      "n_j": 6,
      "n_m": 6,
      "low": 1,
      "high": 99,
      "instance_type": "differentiated",
      "seed": 2024,
      "device": "cpu",
      "n_instances": 5
    }
  },
  "methods": {
    "L2D": {
      "objectives": [
        855.2000122070312,
        869.3888549804688,
        874.5999755859375,
        712.0000610351562,
        563.5714721679688
      ],
      "runtimes": [
        2.206139,
        2.539544,
        1.737289,
        1.691505,
        1.730105
      ]
    },
    "SPT": {
      "objectives": [
        9112.0,
        8774.0,
        6591.0,
        9846.0,
        5147.0
      ],
      "runtimes": [
        1.354569,
        1.308743,
        1.235699,
        1.264823,
        1.186152
      ]
    },
    "WSPT": {
      "objectives": [
        9206.0,
        8089.0,
        6101.0,
        10394.0,
        5711.0
      ],
      "runtimes": [
        1.260865,
        1.214907,
        1.213744,
        1.22866,
        1.226145
      ]
    }
  }
}