{
  "metadata": {
    "instance_type": "differentiated",
    "n_instances": 5,
    "timestamp": "2025-02-05T12:10:48.919523",
    "parameters": {
      "n_j": 6,
      "n_m": 6,
      "low": 1,
      "high": 99,
      "instance_type": "differentiated",
      "seed": 2024,
      "device": "cpu",
      "n_instances": 5
    }
  },
  "methods": {
    "L2D": {
      "objectives": [
        855.2000122070312,
        869.3888549804688,
        874.5999755859375,
        712.0000610351562,
        563.5714721679688
      ],
      "runtimes": [
        2.456214,
        1.821452,
        1.729873,
        1.691154,
        1.68254
      ]
    },
    "SPT": {
      "objectives": [
        455.6,
        487.44444444444446,
        439.4,
        492.3,
        367.64285714285717
      ],
      "runtimes": [
        1.186609,
        1.272662,
        1.390948,
        1.199654,
        1.207637
      ]
    },
    "WSPT": {
      "objectives": [
        460.3,
        449.3888888888889,
        406.73333333333335,
        519.7,
        407.92857142857144
      ],
      "runtimes": [
        1.248273,
        1.610336,
        1.253687,
        1.187668,
        1.195523
      ]
    }
  }
}